Train Images,Train Annotations
24141199_22.png,24141199_22.txt
2693.png,2693.txt
22101861_21.jpg,22101861_21.txt
2065.png,2065.txt
20301003_13.png,20301003_13.txt
1839.png,1839.txt
2466.png,2466.txt
21301589_25.png,21301589_25.txt
20121011_11.jpg,20121011_11.txt
21301138_10.jpeg,21301138_10.txt
20101498_25.jpg,20101498_25.txt
20301414_31.png,20301414_31.txt
19121070_21.jpg,19121070_21.txt
2876.png,2876.txt
2018.png,2018.txt
21301326_10.jpg,21301326_10.txt
744.png,744.txt
1009.png,1009.txt
673.png,673.txt
2706.png,2706.txt
1445.png,1445.txt
3096.png,3096.txt
21301027_20.jpg,21301027_20.txt
20201086_21.png,20201086_21.txt
2932.png,2932.txt
22101861_25.jpg,22101861_25.txt
382.png,382.txt
2892.png,2892.txt
464.png,464.txt
2355.png,2355.txt
3100.png,3100.txt
20301090_05.png,20301090_05.txt
20301003_12.png,20301003_12.txt
2078.png,2078.txt
23241113_14.jpg,23241113_14.txt
567.png,567.txt
1565.png,1565.txt
2955.png,2955.txt
669.png,669.txt
20121044_08.jpg,20121044_08.txt
572.png,572.txt
21101243_10.jpg,21101243_10.txt
20301294_14.jpg,20301294_14.txt
24141199_19.png,24141199_19.txt
2952.png,2952.txt
2196.png,2196.txt
3055.png,3055.txt
657.png,657.txt
1461.png,1461.txt
254.png,254.txt
2326.png,2326.txt
501.png,501.txt
21101135_25.jpg,21101135_25.txt
24141198_30.jpg,24141198_30.txt
18101381_09.jpeg,18101381_09.txt
2858.png,2858.txt
20301228_26.JPG,20301228_26.txt
1994.png,1994.txt
23241084_18.png,23241084_18.txt
1514.png,1514.txt
20301228_20.JPG,20301228_20.txt
ID_21.jpg,ID_21.txt
733.png,733.txt
2735.png,2735.txt
487.png,487.txt
1621.png,1621.txt
18101381_12.jpeg,18101381_12.txt
2163.png,2163.txt
21301138_07.jpeg,21301138_07.txt
21101135_64.png,21101135_64.txt
258.png,258.txt
20301003_03.png,20301003_03.txt
23241084_10.png,23241084_10.txt
2126.png,2126.txt
51.png,51.txt
2019.png,2019.txt
21101135_62.png,21101135_62.txt
22141027_11.png,22141027_11.txt
1003.png,1003.txt
20101498_27.jpg,20101498_27.txt
20301003_17.png,20301003_17.txt
21301326_01.jpg,21301326_01.txt
2334.png,2334.txt
2227.png,2227.txt
21201775_17.png,21201775_17.txt
1451.png,1451.txt
596.png,596.txt
2975.png,2975.txt
21201775_26.png,21201775_26.txt
21101312_66.jpg,21101312_66.txt
3081.png,3081.txt
20201023_22.jpg,20201023_22.txt
20301114_8.jpg,20301114_8.txt
20121044_16.jpg,20121044_16.txt
21101243_01.jpg,21101243_01.txt
1575.png,1575.txt
24141199_48.png,24141199_48.txt
20301403_17.jpg,20301403_17.txt
642.png,642.txt
2362.png,2362.txt
2106.png,2106.txt
21301589_12.png,21301589_12.txt
20101285_12.png,20101285_12.txt
20201086_18.png,20201086_18.txt
21301589_02.png,21301589_02.txt
20121044_04.jpg,20121044_04.txt
472.png,472.txt
336.png,336.txt
2957.png,2957.txt
24141199_42.png,24141199_42.txt
364.png,364.txt
21201175_15.png,21201175_15.txt
20301114_26.jpg,20301114_26.txt
22101857_2.png,22101857_2.txt
22101861_15.jpg,22101861_15.txt
20101285_35.png,20101285_35.txt
20301228_59.png,20301228_59.txt
20121026_23.jpg,20121026_23.txt
578.png,578.txt
23241084_69.jpg,23241084_69.txt
21101312_25.png,21101312_25.txt
1883.png,1883.txt
2757.png,2757.txt
21301326_2294.png,21301326_2294.txt
2557.png,2557.txt
22101857_11.png,22101857_11.txt
2047.png,2047.txt
3001.png,3001.txt
827.png,827.txt
2676.png,2676.txt
21101282_01.jpg,21101282_01.txt
2147.png,2147.txt
20201023_7.jpg,20201023_7.txt
22101857_29.png,22101857_29.txt
20301414_49.jpg,20301414_49.txt
23241108_32.jpg,23241108_32.txt
20301228_63.png,20301228_63.txt
21301116_01.jpg,21301116_01.txt
3088.png,3088.txt
22101861_22.jpg,22101861_22.txt
2149.png,2149.txt
21101282_11.jpg,21101282_11.txt
ID_12.jpg,ID_12.txt
1982.png,1982.txt
20201148_30.png,20201148_30.txt
20301266_03.jpg,20301266_03.txt
18101381_29.jpeg,18101381_29.txt
20121026_10.jpg,20121026_10.txt
476.png,476.txt
21301138_01.jpeg,21301138_01.txt
18101381_24.jpeg,18101381_24.txt
21101282_21.jpg,21101282_21.txt
20201020_43.jpg,20201020_43.txt
20121026_15.jpg,20121026_15.txt
24141199_23.png,24141199_23.txt
548.png,548.txt
22141027_21.png,22141027_21.txt
2464.png,2464.txt
2384.png,2384.txt
1463.png,1463.txt
1497.png,1497.txt
21301589_29.png,21301589_29.txt
20121066_08.jpg,20121066_08.txt
21301138_20.jpeg,21301138_20.txt
470.png,470.txt
20101285_06.png,20101285_06.txt
21101312_62.jpg,21101312_62.txt
20301228_44.png,20301228_44.txt
2657.png,2657.txt
738.png,738.txt
20101285_55.jpg,20101285_55.txt
20101498_08.png,20101498_08.txt
20301414_39.png,20301414_39.txt
2727.png,2727.txt
20301414_43.jpg,20301414_43.txt
21301326_2314.png,21301326_2314.txt
14.png,14.txt
21301027_16.jpg,21301027_16.txt
19121070_14.jpg,19121070_14.txt
23241084_4.png,23241084_4.txt
558.png,558.txt
21101312_3.png,21101312_3.txt
23241113_33.jpg,23241113_33.txt
1991.png,1991.txt
21301027_04.jpg,21301027_04.txt
18101381_25.jpeg,18101381_25.txt
20321023_03.jpg,20321023_03.txt
20101285_08.png,20101285_08.txt
20121026_20.jpg,20121026_20.txt
21101312_23.png,21101312_23.txt
20301131_26.jpg,20301131_26.txt
505.png,505.txt
20321023_28.jpg,20321023_28.txt
1608.png,1608.txt
3111.png,3111.txt
21301027_08.jpg,21301027_08.txt
2470.png,2470.txt
20121044_28.jpg,20121044_28.txt
21301138_16.jpeg,21301138_16.txt
21101135_49.png,21101135_49.txt
19101192_2.jpg,19101192_2.txt
21201775_23.png,21201775_23.txt
598.png,598.txt
ID_26.jpg,ID_26.txt
21101135_02JPG.JPG,21101135_02JPG.txt
21201775_19.png,21201775_19.txt
23241084_46.jpg,23241084_46.txt
257.png,257.txt
20301414_66.jpg,20301414_66.txt
21301326_30.jpg,21301326_30.txt
828.png,828.txt
2841.png,2841.txt
667.png,667.txt
20121026_18.jpg,20121026_18.txt
20121044_10.jpg,20121044_10.txt
2074.png,2074.txt
21101127_13.png,21101127_13.txt
2971.png,2971.txt
20101498_12.png,20101498_12.txt
19101192_6.jpg,19101192_6.txt
23241108_08.jpg,23241108_08.txt
22141027_23.png,22141027_23.txt
1018.png,1018.txt
2702.png,2702.txt
21301027_09.jpg,21301027_09.txt
20301003_08.png,20301003_08.txt
21101127_27.png,21101127_27.txt
807.png,807.txt
29.png,29.txt
2216.png,2216.txt
20101285_31.png,20101285_31.txt
23241084_24.jpg,23241084_24.txt
2883.png,2883.txt
3002.png,3002.txt
993.png,993.txt
4421.png,4421.txt
24141199_40.png,24141199_40.txt
2967.png,2967.txt
20201148_32.png,20201148_32.txt
21101243_12.jpg,21101243_12.txt
20121051_21.png,20121051_21.txt
20101285_67.jpg,20101285_67.txt
1811.png,1811.txt
537.png,537.txt
20101498_24.jpg,20101498_24.txt
20101285_15.png,20101285_15.txt
4434.png,4434.txt
20121044_20.jpg,20121044_20.txt
20301159_15.jpg,20301159_15.txt
2105.png,2105.txt
21301326_2289.png,21301326_2289.txt
345.png,345.txt
21101312_42.jpg,21101312_42.txt
21301019_22.jpg,21301019_22.txt
2603.png,2603.txt
2016.png,2016.txt
664.png,664.txt
970.png,970.txt
4409.png,4409.txt
21201775_29.png,21201775_29.txt
20301414_32.png,20301414_32.txt
3024.png,3024.txt
2348.png,2348.txt
2673.png,2673.txt
21301027_19.jpg,21301027_19.txt
23241084_29.png,23241084_29.txt
21201775_11.png,21201775_11.txt
19121070_06.jpg,19121070_06.txt
21301589_04.png,21301589_04.txt
23241084_14.png,23241084_14.txt
2335.png,2335.txt
2083.png,2083.txt
394.png,394.txt
20301414_08.png,20301414_08.txt
20121051_26.png,20121051_26.txt
2629.png,2629.txt
23241084_51.png,23241084_51.txt
ID_05.jpg,ID_05.txt
ID_15.jpg,ID_15.txt
2343.png,2343.txt
23341101_26.jpg,23341101_26.txt
20321023_16.jpg,20321023_16.txt
18101381_18.jpeg,18101381_18.txt
20301228_31.png,20301228_31.txt
67.png,67.txt
20301090_02.png,20301090_02.txt
21301326_2298.png,21301326_2298.txt
18101381_02.jpeg,18101381_02.txt
2901.png,2901.txt
1465.png,1465.txt
1900.png,1900.txt
20301114_12.jpg,20301114_12.txt
329.png,329.txt
755.png,755.txt
20121066_30.jpg,20121066_30.txt
21141009_07.jpg,21141009_07.txt
581.png,581.txt
462.png,462.txt
2945.png,2945.txt
1587.png,1587.txt
20301159_01.jpg,20301159_01.txt
ID_10.jpg,ID_10.txt
20201086_19.png,20201086_19.txt
2374.png,2374.txt
21301589_24.png,21301589_24.txt
4417.png,4417.txt
2517.png,2517.txt
4429.png,4429.txt
2475.png,2475.txt
2358.png,2358.txt
1981.png,1981.txt
20301090_13.png,20301090_13.txt
20301159_14.jpg,20301159_14.txt
3035.png,3035.txt
19101192_22.jpg,19101192_22.txt
ID_16.jpg,ID_16.txt
2924.png,2924.txt
588.png,588.txt
21301116_02.jpg,21301116_02.txt
1916.png,1916.txt
3065.png,3065.txt
1626.png,1626.txt
2199.png,2199.txt
20201023_13.jpg,20201023_13.txt
783.png,783.txt
21201175_17.png,21201175_17.txt
762.png,762.txt
1809.png,1809.txt
21101243_09.jpg,21101243_09.txt
514.png,514.txt
20301159_20.jpg,20301159_20.txt
2951.png,2951.txt
22141027_03.png,22141027_03.txt
19121070_25.jpg,19121070_25.txt
830.png,830.txt
2324.png,2324.txt
1979.png,1979.txt
393.png,393.txt
2684.png,2684.txt
20301114_10.jpg,20301114_10.txt
19121070_33.jpg,19121070_33.txt
2847.png,2847.txt
2136.png,2136.txt
2532.png,2532.txt
23341101_04.jpg,23341101_04.txt
2187.png,2187.txt
3041.png,3041.txt
21101127_28.png,21101127_28.txt
2200.png,2200.txt
2907.png,2907.txt
21101312_50.jpg,21101312_50.txt
23241113_08.jpg,23241113_08.txt
2000.png,2000.txt
63.png,63.txt
20101285_30.png,20101285_30.txt
591.png,591.txt
20121026_17.jpg,20121026_17.txt
20301159_13.jpg,20301159_13.txt
456.png,456.txt
20201210_04.jpg,20201210_04.txt
1801.png,1801.txt
2197.png,2197.txt
20121051_27.png,20121051_27.txt
23241108_06.jpg,23241108_06.txt
21301027_05.jpg,21301027_05.txt
2453.png,2453.txt
19101192_11.jpg,19101192_11.txt
21101135_24.JPG,21101135_24.txt
20301403_03.jpg,20301403_03.txt
24141199_10.png,24141199_10.txt
20101285_26.png,20101285_26.txt
3079.png,3079.txt
21101282_32.jpg,21101282_32.txt
20201210_06.jpg,20201210_06.txt
985.png,985.txt
2365.png,2365.txt
482.png,482.txt
1819.png,1819.txt
20301003_28.png,20301003_28.txt
798.png,798.txt
2510.png,2510.txt
20201023_1.jpg,20201023_1.txt
19121070_15.jpg,19121070_15.txt
471.png,471.txt
20301114_11.jpg,20301114_11.txt
2694.png,2694.txt
20301266_12.jpg,20301266_12.txt
21201775_05.png,21201775_05.txt
2346.png,2346.txt
21301138_19.jpeg,21301138_19.txt
24141199_18.png,24141199_18.txt
2361.png,2361.txt
20201086_28.png,20201086_28.txt
2695.png,2695.txt
2505.png,2505.txt
21301116_28.jpg,21301116_28.txt
24141198_19.jpg,24141198_19.txt
21201175_26.png,21201175_26.txt
24141199_32.png,24141199_32.txt
20121011_19.jpg,20121011_19.txt
538.png,538.txt
20301343_14.jpg,20301343_14.txt
21101135_12.JPG,21101135_12.txt
23241084_35.png,23241084_35.txt
20201210_14.jpg,20201210_14.txt
2512.png,2512.txt
21201775_16.png,21201775_16.txt
20301414_12.png,20301414_12.txt
1631.png,1631.txt
2450.png,2450.txt
2950.png,2950.txt
23341101_15.jpg,23341101_15.txt
2859.png,2859.txt
21301326_26.jpg,21301326_26.txt
20301368_14.jpg,20301368_14.txt
ID_35.jpg,ID_35.txt
2181.png,2181.txt
20121011_12.jpg,20121011_12.txt
2468.png,2468.txt
20301228_46.png,20301228_46.txt
20201148_03.png,20201148_03.txt
21201775_25.png,21201775_25.txt
21201775_01.png,21201775_01.txt
2477.png,2477.txt
2874.png,2874.txt
19121070_05.jpg,19121070_05.txt
24141199_31.png,24141199_31.txt
1980.png,1980.txt
23241113_10.jpg,23241113_10.txt
20201148_22.png,20201148_22.txt
20201023_8.jpg,20201023_8.txt
20301368_18.jpg,20301368_18.txt
21301589_05.png,21301589_05.txt
2009.png,2009.txt
388.png,388.txt
21301326_27.jpg,21301326_27.txt
1496.png,1496.txt
568.png,568.txt
20301090_27.png,20301090_27.txt
40.png,40.txt
20121051_19.png,20121051_19.txt
2926.png,2926.txt
20301403_11.jpg,20301403_11.txt
1808.png,1808.txt
1479.png,1479.txt
18101381_05.jpeg,18101381_05.txt
20301228_64.png,20301228_64.txt
20301228_10.JPG,20301228_10.txt
2982.png,2982.txt
20201023_17.jpg,20201023_17.txt
3064.png,3064.txt
1816.png,1816.txt
20201086_30.png,20201086_30.txt
22101857_6.png,22101857_6.txt
20201148_06.png,20201148_06.txt
2092.png,2092.txt
21301138_12.jpeg,21301138_12.txt
2994.png,2994.txt
2544.png,2544.txt
553.png,553.txt
20301294_21.jpg,20301294_21.txt
1636.png,1636.txt
2880.png,2880.txt
23241113_02.jpg,23241113_02.txt
21101312_29.png,21101312_29.txt
545.png,545.txt
20301228_60.png,20301228_60.txt
2976.png,2976.txt
20201086_02.png,20201086_02.txt
21101127_01.png,21101127_01.txt
477.png,477.txt
2987.png,2987.txt
21301027_29.jpg,21301027_29.txt
21301116_07.jpg,21301116_07.txt
20301294_06.jpg,20301294_06.txt
23.png,23.txt
2229.png,2229.txt
2364.png,2364.txt
1918.png,1918.txt
20301090_15.png,20301090_15.txt
1990.png,1990.txt
1605.png,1605.txt
253.png,253.txt
21301019_17.jpg,21301019_17.txt
24141198_02.jpg,24141198_02.txt
526.png,526.txt
21201175_11.png,21201175_11.txt
20301414_24.png,20301414_24.txt
19121070_01.jpg,19121070_01.txt
20301343_24.jpg,20301343_24.txt
2375.png,2375.txt
833.png,833.txt
20201086_16.png,20201086_16.txt
2900.png,2900.txt
20301294_11.jpg,20301294_11.txt
12.png,12.txt
2215.png,2215.txt
24141198_05.jpg,24141198_05.txt
503.png,503.txt
21201175_01.png,21201175_01.txt
528.png,528.txt
2198.png,2198.txt
20301090_07.png,20301090_07.txt
21101243_11.jpg,21101243_11.txt
21101312_4.png,21101312_4.txt
50.png,50.txt
2192.png,2192.txt
761.png,761.txt
356.png,356.txt
2949.png,2949.txt
23241113_30.jpg,23241113_30.txt
525.png,525.txt
1910.png,1910.txt
20201023_27.jpg,20201023_27.txt
2226.png,2226.txt
820.png,820.txt
2993.png,2993.txt
1490.png,1490.txt
21101135_56.png,21101135_56.txt
21101127_11.png,21101127_11.txt
2516.png,2516.txt
449.png,449.txt
2325.png,2325.txt
24141199_55.png,24141199_55.txt
2543.png,2543.txt
1568.png,1568.txt
2064.png,2064.txt
1582.png,1582.txt
2638.png,2638.txt
2347.png,2347.txt
2605.png,2605.txt
2119.png,2119.txt
21301019_09.jpg,21301019_09.txt
26.png,26.txt
20301228_47.png,20301228_47.txt
20301090_20.png,20301090_20.txt
21301027_23.jpg,21301027_23.txt
2137.png,2137.txt
776.png,776.txt
3042.png,3042.txt
1011.png,1011.txt
517.png,517.txt
24141199_16.png,24141199_16.txt
2619.png,2619.txt
2051.png,2051.txt
20201210_07.jpg,20201210_07.txt
20121066_23.jpg,20121066_23.txt
20101498_26.jpg,20101498_26.txt
24141199_20.png,24141199_20.txt
20101498_16.png,20101498_16.txt
24141199_33.png,24141199_33.txt
32.png,32.txt
481.png,481.txt
1966.png,1966.txt
731.png,731.txt
21301589_13.png,21301589_13.txt
6.png,6.txt
766.png,766.txt
20121011_23.jpg,20121011_23.txt
2992.png,2992.txt
2224.png,2224.txt
20301131_21.jpg,20301131_21.txt
20301403_19.jpg,20301403_19.txt
2888.png,2888.txt
2079.png,2079.txt
1580.png,1580.txt
24141199_58.png,24141199_58.txt
20301414_06.png,20301414_06.txt
3105.png,3105.txt
1512.png,1512.txt
1821.png,1821.txt
3104.png,3104.txt
2087.png,2087.txt
533.png,533.txt
2156.png,2156.txt
20301414_09.png,20301414_09.txt
22101861_19.jpg,22101861_19.txt
21101135_20.JPG,21101135_20.txt
20301090_06.png,20301090_06.txt
21101243_16.jpg,21101243_16.txt
23241084_20.png,23241084_20.txt
21141009_26.jpg,21141009_26.txt
3037.png,3037.txt
20301228_41.png,20301228_41.txt
23241108_16.jpg,23241108_16.txt
20201020_49.jpg,20201020_49.txt
24141199_66.png,24141199_66.txt
2849.png,2849.txt
1498.png,1498.txt
1467.png,1467.txt
20321023_02.jpg,20321023_02.txt
2540.png,2540.txt
21301326_2295.png,21301326_2295.txt
2055.png,2055.txt
19121070_09.jpg,19121070_09.txt
8.png,8.txt
20101285_22.png,20101285_22.txt
3017.png,3017.txt
259.png,259.txt
19101192_13.jpg,19101192_13.txt
20201115_24.png,20201115_24.txt
21101135_70.png,21101135_70.txt
20321023_10.jpg,20321023_10.txt
510.png,510.txt
20121011_05.jpg,20121011_05.txt
1592.png,1592.txt
21101127_19.png,21101127_19.txt
2533.png,2533.txt
20301228_25.JPG,20301228_25.txt
495.png,495.txt
3039.png,3039.txt
2057.png,2057.txt
20301003_02.png,20301003_02.txt
20121066_20.jpg,20121066_20.txt
2338.png,2338.txt
2040.png,2040.txt
2159.png,2159.txt
23241084_15.jpg,23241084_15.txt
1807.png,1807.txt
20301090_24.png,20301090_24.txt
20201210_18.jpg,20201210_18.txt
1827.png,1827.txt
785.png,785.txt
21101135_42.png,21101135_42.txt
678.png,678.txt
21301589_19.png,21301589_19.txt
21101135_68.png,21101135_68.txt
377.png,377.txt
1577.png,1577.txt
20101285_13.png,20101285_13.txt
1508.png,1508.txt
19121070_13.jpg,19121070_13.txt
22101857_18.png,22101857_18.txt
20121044_30.jpg,20121044_30.txt
722.png,722.txt
45.png,45.txt
20301159_04.jpg,20301159_04.txt
2920.png,2920.txt
1010.png,1010.txt
335.png,335.txt
834.png,834.txt
20101285_59.jpg,20101285_59.txt
1902.png,1902.txt
1453.png,1453.txt
20301368_09.jpeg,20301368_09.txt
21101312_49.jpg,21101312_49.txt
3074.png,3074.txt
22.png,22.txt
20301343_13.jpg,20301343_13.txt
21101312_48.jpg,21101312_48.txt
20121011_21.jpg,20121011_21.txt
20201115_18.png,20201115_18.txt
20201210_36.jpg,20201210_36.txt
23241108_27.jpg,23241108_27.txt
652.png,652.txt
341.png,341.txt
2212.png,2212.txt
21101135_53.png,21101135_53.txt
20301414_44.jpg,20301414_44.txt
20121011_17.jpg,20121011_17.txt
23241084_50.jpg,23241084_50.txt
2931.png,2931.txt
2679.png,2679.txt
20321023_21.jpg,20321023_21.txt
21301138_13.jpeg,21301138_13.txt
2027.png,2027.txt
668.png,668.txt
20301131_7.jpg,20301131_7.txt
21201175_08.png,21201175_08.txt
1915.png,1915.txt
1459.png,1459.txt
20301228_12.JPG,20301228_12.txt
460.png,460.txt
20201023_3.jpg,20201023_3.txt
2617.png,2617.txt
2052.png,2052.txt
21201775_09.png,21201775_09.txt
732.png,732.txt
1598.png,1598.txt
21301589_17.png,21301589_17.txt
2005.png,2005.txt
20301131_18.jpg,20301131_18.txt
1452.png,1452.txt
21101127_10.png,21101127_10.txt
22101861_20.jpg,22101861_20.txt
23341101_28.jpg,23341101_28.txt
20301266_18.jpg,20301266_18.txt
1506.png,1506.txt
21101127_17.png,21101127_17.txt
654.png,654.txt
367.png,367.txt
24141198_14.jpg,24141198_14.txt
23241084_37.png,23241084_37.txt
21101135_37.png,21101135_37.txt
2367.png,2367.txt
21301116_05.jpg,21301116_05.txt
2481.png,2481.txt
21301589_11.png,21301589_11.txt
20301414_15.png,20301414_15.txt
21201175_28.png,21201175_28.txt
20301003_15.png,20301003_15.txt
2756.png,2756.txt
2182.png,2182.txt
2871.png,2871.txt
21101312_28.png,21101312_28.txt
2759.png,2759.txt
275.png,275.txt
20201115_15.png,20201115_15.txt
2179.png,2179.txt
20201148_01.png,20201148_01.txt
21301326_2307.png,21301326_2307.txt
680.png,680.txt
20201115_26.png,20201115_26.txt
20301343_17.jpg,20301343_17.txt
ID_27.jpg,ID_27.txt
3085.png,3085.txt
643.png,643.txt
21201175_29.png,21201175_29.txt
20301114_3.jpg,20301114_3.txt
22141027_20.png,22141027_20.txt
22141027_28.png,22141027_28.txt
979.png,979.txt
2966.png,2966.txt
2080.png,2080.txt
21301116_03.jpg,21301116_03.txt
2682.png,2682.txt
20121011_18.jpg,20121011_18.txt
20201115_06.png,20201115_06.txt
22101861_08.jpg,22101861_08.txt
23241108_25.jpg,23241108_25.txt
20121044_23.jpg,20121044_23.txt
13.png,13.txt
2202.png,2202.txt
21101282_30.jpg,21101282_30.txt
20121051_23.png,20121051_23.txt
21201175_13.png,21201175_13.txt
2634.png,2634.txt
ID_14.jpg,ID_14.txt
1989.png,1989.txt
70.png,70.txt
21301027_30.jpg,21301027_30.txt
20301266_07.jpg,20301266_07.txt
266.png,266.txt
21101243_24.jpg,21101243_24.txt
2028.png,2028.txt
20301131_17.jpg,20301131_17.txt
274.png,274.txt
21101127_22.png,21101127_22.txt
21301326_03.jpg,21301326_03.txt
247.png,247.txt
21301138_06.jpeg,21301138_06.txt
273.png,273.txt
2983.png,2983.txt
20201023_23.jpg,20201023_23.txt
20301414_35.png,20301414_35.txt
20301228_08.JPG,20301228_08.txt
21301326_2319.png,21301326_2319.txt
1518.png,1518.txt
461.png,461.txt
1825.png,1825.txt
2857.png,2857.txt
375.png,375.txt
21101312_21.png,21101312_21.txt
560.png,560.txt
20301403_20.jpg,20301403_20.txt
2379.png,2379.txt
2990.png,2990.txt
20301414_59.jpg,20301414_59.txt
2069.png,2069.txt
3015.png,3015.txt
20121051_06.png,20121051_06.txt
21101135_10.JPG,21101135_10.txt
20.png,20.txt
23341101_01.jpg,23341101_01.txt
531.png,531.txt
20201023_25.jpg,20201023_25.txt
21301019_08.jpg,21301019_08.txt
20301131_11.jpg,20301131_11.txt
20301228_23.JPG,20301228_23.txt
2968.png,2968.txt
20301266_16.jpg,20301266_16.txt
21201775_06.png,21201775_06.txt
20101498_18.png,20101498_18.txt
22101857_1.png,22101857_1.txt
20201023_4.jpg,20201023_4.txt
2145.png,2145.txt
20121026_16.jpg,20121026_16.txt
20321023_22.jpg,20321023_22.txt
790.png,790.txt
20121011_10.jpg,20121011_10.txt
20301368_29.jpg,20301368_29.txt
21301027_12.jpg,21301027_12.txt
1509.png,1509.txt
21301019_19.jpg,21301019_19.txt
20201086_04.png,20201086_04.txt
2459.png,2459.txt
2737.png,2737.txt
2100.png,2100.txt
2938.png,2938.txt
2013.png,2013.txt
535.png,535.txt
21101135_58.png,21101135_58.txt
21201775_07.png,21201775_07.txt
324.png,324.txt
2844.png,2844.txt
20121051_16.png,20121051_16.txt
1920.png,1920.txt
451.png,451.txt
484.png,484.txt
ID_25.jpg,ID_25.txt
20201148_08.png,20201148_08.txt
20301414_19.png,20301414_19.txt
3026.png,3026.txt
832.png,832.txt
19101192_3.jpg,19101192_3.txt
20301403_01.jpg,20301403_01.txt
21301138_08.jpeg,21301138_08.txt
2997.png,2997.txt
265.png,265.txt
2157.png,2157.txt
21301326_2320.png,21301326_2320.txt
2038.png,2038.txt
21201175_06.png,21201175_06.txt
37.png,37.txt
23241108_14.jpg,23241108_14.txt
21301326_2297.png,21301326_2297.txt
2072.png,2072.txt
20201023_2.jpg,20201023_2.txt
2612.png,2612.txt
1039.png,1039.txt
2130.png,2130.txt
20201020_66.jpg,20201020_66.txt
22101861_10.jpg,22101861_10.txt
1025.png,1025.txt
20301414_21.png,20301414_21.txt
20121066_02.jpg,20121066_02.txt
2210.png,2210.txt
20301159_08.jpg,20301159_08.txt
20301003_19.png,20301003_19.txt
20321023_07.jpg,20321023_07.txt
20301343_03.jpg,20301343_03.txt
559.png,559.txt
23241113_25.jpg,23241113_25.txt
20121066_22.jpg,20121066_22.txt
4433.png,4433.txt
20301294_17.jpg,20301294_17.txt
4415.png,4415.txt
758.png,758.txt
278.png,278.txt
20301368_01.jpeg,20301368_01.txt
748.png,748.txt
21101127_30.png,21101127_30.txt
22141027_06.png,22141027_06.txt
21101312_68.jpg,21101312_68.txt
22141027_09.png,22141027_09.txt
20201020_63.jpg,20201020_63.txt
4428.png,4428.txt
2223.png,2223.txt
2467.png,2467.txt
1481.png,1481.txt
1824.png,1824.txt
41.png,41.txt
20201115_14.png,20201115_14.txt
2377.png,2377.txt
ID_24.jpg,ID_24.txt
ID_29.jpg,ID_29.txt
2059.png,2059.txt
20101285_40.png,20101285_40.txt
2034.png,2034.txt
72.png,72.txt
20201086_20.png,20201086_20.txt
2180.png,2180.txt
21101243_21.jpg,21101243_21.txt
53.png,53.txt
21101312_43.jpg,21101312_43.txt
2345.png,2345.txt
2862.png,2862.txt
22101857_10.png,22101857_10.txt
21101243_05.jpg,21101243_05.txt
2959.png,2959.txt
2233.png,2233.txt
19121070_27.jpg,19121070_27.txt
1984.png,1984.txt
552.png,552.txt
20201115_28.png,20201115_28.txt
2943.png,2943.txt
22141027_13.png,22141027_13.txt
20301368_22.jpg,20301368_22.txt
1485.png,1485.txt
527.png,527.txt
1579.png,1579.txt
2855.png,2855.txt
23241113_04.jpg,23241113_04.txt
20301343_08.jpg,20301343_08.txt
20301266_20.jpg,20301266_20.txt
641.png,641.txt
1038.png,1038.txt
20301294_30.jpg,20301294_30.txt
21301019_11.jpg,21301019_11.txt
2664.png,2664.txt
20301131_20.jpg,20301131_20.txt
2172.png,2172.txt
25.png,25.txt
21301589_26.png,21301589_26.txt
360.png,360.txt
20301131_22.jpg,20301131_22.txt
518.png,518.txt
21101282_06.jpg,21101282_06.txt
2474.png,2474.txt
2094.png,2094.txt
2093.png,2093.txt
392.png,392.txt
1893.png,1893.txt
20121066_12.jpg,20121066_12.txt
22141027_26.png,22141027_26.txt
21101135_18.JPG,21101135_18.txt
1884.png,1884.txt
2240.png,2240.txt
22101861_24.jpg,22101861_24.txt
21101312_15.png,21101312_15.txt
544.png,544.txt
21101135_54.png,21101135_54.txt
20121066_16.jpg,20121066_16.txt
1035.png,1035.txt
787.png,787.txt
1493.png,1493.txt
2651.png,2651.txt
21301027_28.jpg,21301027_28.txt
24141199_28.png,24141199_28.txt
3016.png,3016.txt
1614.png,1614.txt
21101135_41.png,21101135_41.txt
21301019_21.jpg,21301019_21.txt
2190.png,2190.txt
1027.png,1027.txt
339.png,339.txt
20301343_27.jpg,20301343_27.txt
20121011_16.jpg,20121011_16.txt
491.png,491.txt
2058.png,2058.txt
21101243_35.jpg,21101243_35.txt
20121011_13.jpg,20121011_13.txt
22141027_01.png,22141027_01.txt
20301414_22.png,20301414_22.txt
2939.png,2939.txt
21101312_26.png,21101312_26.txt
21301116_04.jpg,21301116_04.txt
444.png,444.txt
21101243_20.jpg,21101243_20.txt
20301131_14.jpg,20301131_14.txt
ID_37.jpg,ID_37.txt
524.png,524.txt
829.png,829.txt
20201020_51.jpg,20201020_51.txt
982.png,982.txt
2869.png,2869.txt
2527.png,2527.txt
21101135_47.png,21101135_47.txt
837.png,837.txt
2208.png,2208.txt
1023.png,1023.txt
2979.png,2979.txt
21301326_2301.png,21301326_2301.txt
21141009_32.jpg,21141009_32.txt
20121011_22.jpg,20121011_22.txt
20301228_05.JPG,20301228_05.txt
547.png,547.txt
327.png,327.txt
3116.png,3116.txt
20121026_04.jpg,20121026_04.txt
981.png,981.txt
21101243_03.jpg,21101243_03.txt
20101285_70.jpg,20101285_70.txt
4427.png,4427.txt
20301403_23.jpg,20301403_23.txt
20201086_05.png,20201086_05.txt
21301326_14.jpg,21301326_14.txt
20301090_26.png,20301090_26.txt
660.png,660.txt
2110.png,2110.txt
60.png,60.txt
519.png,519.txt
2513.png,2513.txt
2031.png,2031.txt
22101857_24.png,22101857_24.txt
20121051_13.png,20121051_13.txt
20121066_07.jpg,20121066_07.txt
21101243_27.jpg,21101243_27.txt
563.png,563.txt
18101381_20.jpeg,18101381_20.txt
20101285_66.jpg,20101285_66.txt
2751.png,2751.txt
2856.png,2856.txt
322.png,322.txt
523.png,523.txt
20301414_36.png,20301414_36.txt
21301326_33.jpg,21301326_33.txt
2705.png,2705.txt
2854.png,2854.txt
2981.png,2981.txt
2890.png,2890.txt
23241113_29.jpg,23241113_29.txt
3043.png,3043.txt
1622.png,1622.txt
20301294_16.jpg,20301294_16.txt
272.png,272.txt
2714.png,2714.txt
20301159_30.jpg,20301159_30.txt
20301414_13.png,20301414_13.txt
20101498_15.png,20101498_15.txt
24141199_47.png,24141199_47.txt
2910.png,2910.txt
2067.png,2067.txt
1970.png,1970.txt
373.png,373.txt
3086.png,3086.txt
2046.png,2046.txt
819.png,819.txt
23241113_11.jpg,23241113_11.txt
529.png,529.txt
21301589_27.png,21301589_27.txt
2511.png,2511.txt
21301326_13.jpg,21301326_13.txt
1606.png,1606.txt
2056.png,2056.txt
2463.png,2463.txt
488.png,488.txt
24141198_20.jpg,24141198_20.txt
2707.png,2707.txt
24141198_26.jpg,24141198_26.txt
3119.png,3119.txt
22101857_13.png,22101857_13.txt
2915.png,2915.txt
20121051_07.png,20121051_07.txt
3117.png,3117.txt
988.png,988.txt
2678.png,2678.txt
2552.png,2552.txt
21301326_29.jpg,21301326_29.txt
20301403_29.jpg,20301403_29.txt
2521.png,2521.txt
21301326_2283.png,21301326_2283.txt
21101312_45.jpg,21101312_45.txt
363.png,363.txt
20301403_16.jpg,20301403_16.txt
20201148_05.png,20201148_05.txt
20101285_64.jpg,20101285_64.txt
22141027_10.png,22141027_10.txt
20201115_13.png,20201115_13.txt
2747.png,2747.txt
21101127_05.png,21101127_05.txt
20301368_26.jpg,20301368_26.txt
24141198_17.jpg,24141198_17.txt
20301368_05.jpeg,20301368_05.txt
2746.png,2746.txt
2645.png,2645.txt
2893.png,2893.txt
759.png,759.txt
326.png,326.txt
2698.png,2698.txt
18101381_10.jpeg,18101381_10.txt
20301114_9.jpg,20301114_9.txt
2685.png,2685.txt
2665.png,2665.txt
22101857_7.png,22101857_7.txt
20301414_67.jpg,20301414_67.txt
453.png,453.txt
1031.png,1031.txt
23241084_56.jpg,23241084_56.txt
1892.png,1892.txt
370.png,370.txt
2613.png,2613.txt
20321023_20.jpg,20321023_20.txt
20201210_20.jpg,20201210_20.txt
4401.png,4401.txt
585.png,585.txt
21301027_22.jpg,21301027_22.txt
378.png,378.txt
20101285_49.jpg,20101285_49.txt
23241084_65.png,23241084_65.txt
21301326_2288.png,21301326_2288.txt
2611.png,2611.txt
22141027_16.png,22141027_16.txt
23241113_09.jpg,23241113_09.txt
21101127_26.png,21101127_26.txt
2703.png,2703.txt
21141009_09.jpg,21141009_09.txt
21301019_01.jpg,21301019_01.txt
331.png,331.txt
3056.png,3056.txt
366.png,366.txt
20301368_06.jpeg,20301368_06.txt
663.png,663.txt
1520.png,1520.txt
569.png,569.txt
796.png,796.txt
21301326_11.jpg,21301326_11.txt
20121066_29.jpg,20121066_29.txt
2546.png,2546.txt
2632.png,2632.txt
21301138_05.jpeg,21301138_05.txt
20301266_08.jpg,20301266_08.txt
21301116_27.jpg,21301116_27.txt
447.png,447.txt
20201115_07.png,20201115_07.txt
332.png,332.txt
28.png,28.txt
3107.png,3107.txt
21101135_33.png,21101135_33.txt
1833.png,1833.txt
1503.png,1503.txt
20121051_12.png,20121051_12.txt
20301131_8.jpg,20301131_8.txt
21201175_23.png,21201175_23.txt
21141009_31.jpg,21141009_31.txt
2935.png,2935.txt
23241113_26.jpg,23241113_26.txt
20301228_03.JPG,20301228_03.txt
1817.png,1817.txt
20201020_41.jpg,20201020_41.txt
2669.png,2669.txt
19121070_30.jpg,19121070_30.txt
24141199_60.png,24141199_60.txt
2139.png,2139.txt
20201148_02.png,20201148_02.txt
2193.png,2193.txt
20201148_12.jpg,20201148_12.txt
2507.png,2507.txt
20121066_09.jpg,20121066_09.txt
21301116_23.jpg,21301116_23.txt
21301019_13.jpg,21301019_13.txt
23241108_17.jpg,23241108_17.txt
20121044_17.jpg,20121044_17.txt
21101282_31.jpg,21101282_31.txt
20321023_06.jpg,20321023_06.txt
21301138_27.jpeg,21301138_27.txt
20301294_9.jpg,20301294_9.txt
2129.png,2129.txt
2969.png,2969.txt
20301228_37.png,20301228_37.txt
23241108_07.jpg,23241108_07.txt
2653.png,2653.txt
21301326_2290.png,21301326_2290.txt
20301403_07.jpg,20301403_07.txt
459.png,459.txt
2616.png,2616.txt
2128.png,2128.txt
671.png,671.txt
2726.png,2726.txt
23241084_28.jpg,23241084_28.txt
21301019_25.jpg,21301019_25.txt
23241084_25.png,23241084_25.txt
791.png,791.txt
20201023_20.jpg,20201023_20.txt
22101861_05.jpg,22101861_05.txt
2744.png,2744.txt
479.png,479.txt
2549.png,2549.txt
554.png,554.txt
2675.png,2675.txt
2692.png,2692.txt
750.png,750.txt
20301228_56.png,20301228_56.txt
20301294_29.jpg,20301294_29.txt
1596.png,1596.txt
1881.png,1881.txt
21201175_21.png,21201175_21.txt
3072.png,3072.txt
24141198_10.jpg,24141198_10.txt
2677.png,2677.txt
355.png,355.txt
721.png,721.txt
24141199_14.png,24141199_14.txt
20121044_02.jpg,20121044_02.txt
20201148_04.png,20201148_04.txt
20301266_14.jpg,20301266_14.txt
802.png,802.txt
20121011_26.jpg,20121011_26.txt
2451.png,2451.txt
2162.png,2162.txt
21101312_44.jpg,21101312_44.txt
20121026_12.jpg,20121026_12.txt
4411.png,4411.txt
1962.png,1962.txt
3038.png,3038.txt
20201148_26.png,20201148_26.txt
2234.png,2234.txt
1441.png,1441.txt
2655.png,2655.txt
20301343_22.jpg,20301343_22.txt
24141199_54.png,24141199_54.txt
ID_38.jpg,ID_38.txt
19101192_14.jpg,19101192_14.txt
2555.png,2555.txt
21301326_15.jpg,21301326_15.txt
21301138_18.jpeg,21301138_18.txt
443.png,443.txt
20301368_28.jpg,20301368_28.txt
383.png,383.txt
244.png,244.txt
23241084_6.png,23241084_6.txt
1974.png,1974.txt
23241084_8.png,23241084_8.txt
1500.png,1500.txt
2148.png,2148.txt
2099.png,2099.txt
252.png,252.txt
20301228_30.JPG,20301228_30.txt
2641.png,2641.txt
2042.png,2042.txt
21101282_20.jpg,21101282_20.txt
659.png,659.txt
21101282_23.jpg,21101282_23.txt
20301403_05.jpg,20301403_05.txt
777.png,777.txt
3101.png,3101.txt
21101127_16.png,21101127_16.txt
23241113_32.jpg,23241113_32.txt
21101135_55.png,21101135_55.txt
20101285_07.png,20101285_07.txt
18101381_21.jpeg,18101381_21.txt
3019.png,3019.txt
18101381_16.jpeg,18101381_16.txt
3090.png,3090.txt
2681.png,2681.txt
20121044_06.jpg,20121044_06.txt
52.png,52.txt
4426.png,4426.txt
21301116_24.jpg,21301116_24.txt
20301414_64.jpg,20301414_64.txt
2558.png,2558.txt
20201020_45.jpg,20201020_45.txt
450.png,450.txt
358.png,358.txt
21101312_1.png,21101312_1.txt
814.png,814.txt
20121066_11.jpg,20121066_11.txt
21101127_07.png,21101127_07.txt
20301414_03.png,20301414_03.txt
20301228_43.png,20301228_43.txt
2974.png,2974.txt
24141199_26.png,24141199_26.txt
22101861_02.jpg,22101861_02.txt
21101135_04.JPG,21101135_04.txt
21101243_13.jpg,21101243_13.txt
20201148_25.png,20201148_25.txt
780.png,780.txt
3059.png,3059.txt
1602.png,1602.txt
2342.png,2342.txt
20121066_18.jpg,20121066_18.txt
21141009_15.jpg,21141009_15.txt
2494.png,2494.txt
1976.png,1976.txt
20301414_56.jpg,20301414_56.txt
21301019_10.jpg,21301019_10.txt
1986.png,1986.txt
78.png,78.txt
21101282_24.jpg,21101282_24.txt
20121026_06.jpg,20121026_06.txt
3061.png,3061.txt
21301326_04.jpg,21301326_04.txt
21201775_02.png,21201775_02.txt
23341101_24.jpg,23341101_24.txt
20101285_52.jpg,20101285_52.txt
20121026_26.jpg,20121026_26.txt
23241113_12.jpg,23241113_12.txt
19101192_25.jpg,19101192_25.txt
1913.png,1913.txt
20101498_23.jpg,20101498_23.txt
1969.png,1969.txt
24141198_18.jpg,24141198_18.txt
395.png,395.txt
806.png,806.txt
24141199_38.png,24141199_38.txt
24141199_50.png,24141199_50.txt
22141027_05.png,22141027_05.txt
23341101_23.jpg,23341101_23.txt
20101498_11.png,20101498_11.txt
20301368_08.jpeg,20301368_08.txt
2704.png,2704.txt
2680.png,2680.txt
21301326_09.jpg,21301326_09.txt
781.png,781.txt
21101312_12.png,21101312_12.txt
3113.png,3113.txt
2635.png,2635.txt
546.png,546.txt
21201775_10.png,21201775_10.txt
20301159_25.jpg,20301159_25.txt
1573.png,1573.txt
20321023_05.jpg,20321023_05.txt
20201020_70.png,20201020_70.txt
20301114_7.jpg,20301114_7.txt
516.png,516.txt
20121011_01.jpg,20121011_01.txt
21101135_43.png,21101135_43.txt
21301138_33.jpeg,21301138_33.txt
344.png,344.txt
2399.png,2399.txt
2989.png,2989.txt
361.png,361.txt
23241084_16.png,23241084_16.txt
20301090_17.png,20301090_17.txt
2153.png,2153.txt
20201210_12.jpg,20201210_12.txt
24141199_70.png,24141199_70.txt
2373.png,2373.txt
20121026_03.jpg,20121026_03.txt
20201020_67.jpg,20201020_67.txt
23241113_23.jpg,23241113_23.txt
20301003_01.png,20301003_01.txt
21301027_17.jpg,21301027_17.txt
20301414_57.jpg,20301414_57.txt
816.png,816.txt
ID_17.jpg,ID_17.txt
21301326_2287.png,21301326_2287.txt
241.png,241.txt
2509.png,2509.txt
723.png,723.txt
21301019_03.jpg,21301019_03.txt
2097.png,2097.txt
20321023_29.jpg,20321023_29.txt
1004.png,1004.txt
20201115_29.png,20201115_29.txt
813.png,813.txt
20301228_16.JPG,20301228_16.txt
18101381_01.jpeg,18101381_01.txt
21101135_22.JPG,21101135_22.txt
3031.png,3031.txt
20301266_13.jpg,20301266_13.txt
665.png,665.txt
321.png,321.txt
20101498_20.jpg,20101498_20.txt
20121051_02.png,20121051_02.txt
19121070_24.jpg,19121070_24.txt
23241084_62.png,23241084_62.txt
23241084_9.jpg,23241084_9.txt
3006.png,3006.txt
1476.png,1476.txt
2108.png,2108.txt
2473.png,2473.txt
4403.png,4403.txt
21301326_06.jpg,21301326_06.txt
20301266_22.jpeg,20301266_22.txt
786.png,786.txt
21101243_28.jpg,21101243_28.txt
ID_13.jpg,ID_13.txt
4404.png,4404.txt
3034.png,3034.txt
20301414_18.png,20301414_18.txt
21301019_05.jpg,21301019_05.txt
1609.png,1609.txt
724.png,724.txt
2175.png,2175.txt
23241108_03.jpg,23241108_03.txt
20301228_53.png,20301228_53.txt
20301414_55.jpg,20301414_55.txt
2143.png,2143.txt
506.png,506.txt
1585.png,1585.txt
20301266_25.jpeg,20301266_25.txt
20201023_9.jpg,20201023_9.txt
2654.png,2654.txt
21101135_46.png,21101135_46.txt
2921.png,2921.txt
1486.png,1486.txt
20201210_35.jpg,20201210_35.txt
2095.png,2095.txt
20201148_29.png,20201148_29.txt
ID_02.jpg,ID_02.txt
20301159_23.jpg,20301159_23.txt
20301228_09.JPG,20301228_09.txt
23241084_7.jpg,23241084_7.txt
1640.png,1640.txt
20201086_13.png,20201086_13.txt
24141199_21.png,24141199_21.txt
474.png,474.txt
16.png,16.txt
1482.png,1482.txt
21101243_22.jpg,21101243_22.txt
18.png,18.txt
24141199_37.png,24141199_37.txt
20301368_27.jpg,20301368_27.txt
1618.png,1618.txt
983.png,983.txt
22101857_25.png,22101857_25.txt
2615.png,2615.txt
21101312_19.png,21101312_19.txt
1826.png,1826.txt
2458.png,2458.txt
3029.png,3029.txt
21101243_31.jpg,21101243_31.txt
20201210_19.jpg,20201210_19.txt
2391.png,2391.txt
1837.png,1837.txt
21101127_09.png,21101127_09.txt
2337.png,2337.txt
2225.png,2225.txt
20201148_18.png,20201148_18.txt
502.png,502.txt
21101135_21.JPG,21101135_21.txt
22101857_8.png,22101857_8.txt
20101285_09.png,20101285_09.txt
350.png,350.txt
583.png,583.txt
2366.png,2366.txt
20301266_27.jpeg,20301266_27.txt
21301027_13.jpg,21301027_13.txt
20301266_29.jpeg,20301266_29.txt
21141009_28.jpg,21141009_28.txt
398.png,398.txt
21101243_04.jpg,21101243_04.txt
20301131_13.jpg,20301131_13.txt
20301228_11.JPG,20301228_11.txt
20121044_11.jpg,20121044_11.txt
1015.png,1015.txt
745.png,745.txt
20201210_21.jpg,20201210_21.txt
24141199_05.png,24141199_05.txt
764.png,764.txt
21101312_13.png,21101312_13.txt
262.png,262.txt
760.png,760.txt
21301019_23.jpg,21301019_23.txt
2623.png,2623.txt
20301228_27.JPG,20301228_27.txt
2154.png,2154.txt
20321023_14.jpg,20321023_14.txt
21301326_2292.png,21301326_2292.txt
2868.png,2868.txt
2088.png,2088.txt
475.png,475.txt
20321023_17.jpg,20321023_17.txt
751.png,751.txt
2035.png,2035.txt
20201020_55.jpg,20201020_55.txt
2472.png,2472.txt
23241113_19.jpg,23241113_19.txt
ID_20.jpg,ID_20.txt
23241108_18.jpg,23241108_18.txt
3033.png,3033.txt
21101127_18.png,21101127_18.txt
23241084_70.png,23241084_70.txt
23241108_21.jpg,23241108_21.txt
2760.png,2760.txt
20301414_17.png,20301414_17.txt
3066.png,3066.txt
21301116_16.jpg,21301116_16.txt
24141199_53.png,24141199_53.txt
20301414_20.png,20301414_20.txt
2.png,2.txt
20301131_19.jpg,20301131_19.txt
21201175_09.png,21201175_09.txt
22101861_17.jpg,22101861_17.txt
2231.png,2231.txt
1903.png,1903.txt
20301228_14.JPG,20301228_14.txt
21301589_07.png,21301589_07.txt
20201023_16.jpg,20201023_16.txt
20301228_52.png,20301228_52.txt
22101857_27.png,22101857_27.txt
21301326_2303.png,21301326_2303.txt
374.png,374.txt
20301368_19.jpg,20301368_19.txt
2508.png,2508.txt
21101135_34.png,21101135_34.txt
2068.png,2068.txt
2553.png,2553.txt
2166.png,2166.txt
20101285_47.jpg,20101285_47.txt
271.png,271.txt
20201210_31.jpg,20201210_31.txt
23241084_38.jpg,23241084_38.txt
496.png,496.txt
2360.png,2360.txt
21301326_19.jpg,21301326_19.txt
21201175_14.png,21201175_14.txt
457.png,457.txt
22101861_30.jpg,22101861_30.txt
466.png,466.txt
20121051_15.png,20121051_15.txt
593.png,593.txt
21201175_27.png,21201175_27.txt
ID_33.jpg,ID_33.txt
2445.png,2445.txt
20121011_29.jpg,20121011_29.txt
2962.png,2962.txt
1016.png,1016.txt
2102.png,2102.txt
22101857_19.png,22101857_19.txt
4419.png,4419.txt
21141009_19.jpg,21141009_19.txt
20301114_24.jpg,20301114_24.txt
20301294_01.jpg,20301294_01.txt
1887.png,1887.txt
21101127_08.png,21101127_08.txt
22101861_04.jpg,22101861_04.txt
1583.png,1583.txt
20121051_24.png,20121051_24.txt
19121070_19.jpg,19121070_19.txt
20121066_05.jpg,20121066_05.txt
2998.png,2998.txt
20301414_14.png,20301414_14.txt
3092.png,3092.txt
20301114_6.jpg,20301114_6.txt
19121070_10.jpg,19121070_10.txt
20201210_17.jpg,20201210_17.txt
20301414_27.png,20301414_27.txt
2984.png,2984.txt
20301414_70.jpg,20301414_70.txt
21101312_5.png,21101312_5.txt
961.png,961.txt
483.png,483.txt
20121026_28.jpg,20121026_28.txt
21101135_16.JPG,21101135_16.txt
20201023_21.jpg,20201023_21.txt
2928.png,2928.txt
20201023_6.jpg,20201023_6.txt
20201148_33.png,20201148_33.txt
2086.png,2086.txt
676.png,676.txt
397.png,397.txt
3070.png,3070.txt
20201148_11.png,20201148_11.txt
20121051_09.png,20121051_09.txt
741.png,741.txt
2689.png,2689.txt
2173.png,2173.txt
24141198_27.jpg,24141198_27.txt
1566.png,1566.txt
20301114_5.jpg,20301114_5.txt
20201210_15.jpg,20201210_15.txt
2371.png,2371.txt
2091.png,2091.txt
20301368_12.jpeg,20301368_12.txt
2500.png,2500.txt
21201775_24.png,21201775_24.txt
21101135_11.JPG,21101135_11.txt
2178.png,2178.txt
1562.png,1562.txt
2542.png,2542.txt
836.png,836.txt
20101498_13.png,20101498_13.txt
23341101_27.jpg,23341101_27.txt
22101861_13.jpg,22101861_13.txt
1889.png,1889.txt
19101192_26.jpg,19101192_26.txt
2663.png,2663.txt
775.png,775.txt
20321023_01.jpg,20321023_01.txt
2328.png,2328.txt
69.png,69.txt
1456.png,1456.txt
19121070_03.jpg,19121070_03.txt
20301131_2.jpg,20301131_2.txt
21141009_16.jpg,21141009_16.txt
2867.png,2867.txt
20201020_60.jpg,20201020_60.txt
21101127_06.png,21101127_06.txt
20301343_04.jpg,20301343_04.txt
20301294_15.jpg,20301294_15.txt
20301114_19.jpg,20301114_19.txt
592.png,592.txt
3098.png,3098.txt
20301343_26.jpg,20301343_26.txt
2904.png,2904.txt
23241108_13.jpg,23241108_13.txt
2948.png,2948.txt
21101127_29.png,21101127_29.txt
20321023_13.jpg,20321023_13.txt
20121051_11.png,20121051_11.txt
2514.png,2514.txt
20301131_12.jpg,20301131_12.txt
21101312_47.jpg,21101312_47.txt
19101192_5.jpg,19101192_5.txt
21301027_10.jpg,21301027_10.txt
20301266_10.jpg,20301266_10.txt
2050.png,2050.txt
21101282_28.jpg,21101282_28.txt
2631.png,2631.txt
1635.png,1635.txt
2691.png,2691.txt
21101127_23.png,21101127_23.txt
23341101_14.jpg,23341101_14.txt
20301228_36.png,20301228_36.txt
20201086_29.png,20201086_29.txt
20201020_44.jpg,20201020_44.txt
1591.png,1591.txt
22101857_15.png,22101857_15.txt
3032.png,3032.txt
20101498_29.jpg,20101498_29.txt
19101192_18.jpg,19101192_18.txt
2385.png,2385.txt
19121070_28.jpg,19121070_28.txt
3044.png,3044.txt
3007.png,3007.txt
2017.png,2017.txt
2863.png,2863.txt
20301228_49.png,20301228_49.txt
2729.png,2729.txt
20201086_25.png,20201086_25.txt
23241084_64.png,23241084_64.txt
20301403_13.jpg,20301403_13.txt
1610.png,1610.txt
2168.png,2168.txt
21301019_30.jpg,21301019_30.txt
20301368_20.jpg,20301368_20.txt
1912.png,1912.txt
20101285_50.jpg,20101285_50.txt
20301414_53.jpg,20301414_53.txt
19121070_18.jpg,19121070_18.txt
22101857_17.png,22101857_17.txt
20101285_33.png,20101285_33.txt
21301138_24.jpeg,21301138_24.txt
15.png,15.txt
23241108_29.jpg,23241108_29.txt
1505.png,1505.txt
2526.png,2526.txt
2946.png,2946.txt
64.png,64.txt
21301326_17.jpg,21301326_17.txt
20301228_69.png,20301228_69.txt
21101312_35.png,21101312_35.txt
20121044_15.jpg,20121044_15.txt
21101312_27.png,21101312_27.txt
20101285_27.png,20101285_27.txt
21101312_18.png,21101312_18.txt
2127.png,2127.txt
20101498_03.png,20101498_03.txt
20301414_60.jpg,20301414_60.txt
20201210_03.jpg,20201210_03.txt
20301114_23.jpg,20301114_23.txt
550.png,550.txt
20121066_27.jpg,20121066_27.txt
2446.png,2446.txt
597.png,597.txt
21101243_29.jpg,21101243_29.txt
19121070_07.jpg,19121070_07.txt
21141009_04.jpg,21141009_04.txt
994.png,994.txt
2724.png,2724.txt
24141199_01.png,24141199_01.txt
20301343_29.jpg,20301343_29.txt
2996.png,2996.txt
1917.png,1917.txt
645.png,645.txt
1838.png,1838.txt
21101282_04.jpg,21101282_04.txt
20301414_45.jpg,20301414_45.txt
515.png,515.txt
969.png,969.txt
20301090_25.png,20301090_25.txt
2003.png,2003.txt
2115.png,2115.txt
2449.png,2449.txt
2039.png,2039.txt
2492.png,2492.txt
31.png,31.txt
21301326_21.jpg,21301326_21.txt
23241108_23.jpg,23241108_23.txt
20301343_16.jpg,20301343_16.txt
2353.png,2353.txt
2918.png,2918.txt
734.png,734.txt
20301266_21.jpg,20301266_21.txt
21201775_30.png,21201775_30.txt
20121066_26.jpg,20121066_26.txt
21301589_21.png,21301589_21.txt
18101381_13.jpeg,18101381_13.txt
22141027_29.png,22141027_29.txt
23341101_20.jpg,23341101_20.txt
2733.png,2733.txt
20121044_14.jpg,20121044_14.txt
2627.png,2627.txt
2395.png,2395.txt
20121044_12.jpg,20121044_12.txt
2230.png,2230.txt
24141199_62.png,24141199_62.txt
338.png,338.txt
80.png,80.txt
1576.png,1576.txt
58.png,58.txt
21301027_26.jpg,21301027_26.txt
21101312_65.jpg,21101312_65.txt
39.png,39.txt
3103.png,3103.txt
1997.png,1997.txt
23241108_20.jpg,23241108_20.txt
20321023_24.jpg,20321023_24.txt
2462.png,2462.txt
18101381_15.jpeg,18101381_15.txt
3082.png,3082.txt
2722.png,2722.txt
1977.png,1977.txt
20301343_06.jpg,20301343_06.txt
21101312_11.png,21101312_11.txt
ID_03.jpg,ID_03.txt
999.png,999.txt
2551.png,2551.txt
2350.png,2350.txt
20301266_28.jpeg,20301266_28.txt
1572.png,1572.txt
19101192_19.jpg,19101192_19.txt
20301343_19.jpg,20301343_19.txt
656.png,656.txt
22101861_28.jpg,22101861_28.txt
23241084_54.jpg,23241084_54.txt
962.png,962.txt
2160.png,2160.txt
24141199_09.png,24141199_09.txt
20301090_12.png,20301090_12.txt
24141199_13.png,24141199_13.txt
2454.png,2454.txt
20301294_05.jpg,20301294_05.txt
20301090_21.png,20301090_21.txt
ID_04.jpg,ID_04.txt
2214.png,2214.txt
1822.png,1822.txt
1820.png,1820.txt
3109.png,3109.txt
20201115_02.png,20201115_02.txt
24141199_04.png,24141199_04.txt
20201023_29.jpg,20201023_29.txt
23241084_61.png,23241084_61.txt
20301414_42.jpg,20301414_42.txt
20101285_63.jpg,20101285_63.txt
20301266_17.jpg,20301266_17.txt
594.png,594.txt
499.png,499.txt
20301003_14.png,20301003_14.txt
2460.png,2460.txt
24141199_35.png,24141199_35.txt
20201148_13.png,20201148_13.txt
20301131_15.jpg,20301131_15.txt
20301343_05.jpg,20301343_05.txt
1014.png,1014.txt
468.png,468.txt
20301294_18.jpg,20301294_18.txt
20121066_25.jpg,20121066_25.txt
1511.png,1511.txt
22101857_4.png,22101857_4.txt
21101243_34.jpg,21101243_34.txt
18101381_28.jpeg,18101381_28.txt
2965.png,2965.txt
2144.png,2144.txt
973.png,973.txt
490.png,490.txt
21301019_18.jpg,21301019_18.txt
21301326_31.jpg,21301326_31.txt
20301414_10.png,20301414_10.txt
2186.png,2186.txt
1458.png,1458.txt
21301326_32.jpg,21301326_32.txt
20201086_07.png,20201086_07.txt
1578.png,1578.txt
21301326_2281.png,21301326_2281.txt
2012.png,2012.txt
2204.png,2204.txt
1581.png,1581.txt
19121070_26.jpg,19121070_26.txt
20301003_22.png,20301003_22.txt
2356.png,2356.txt
782.png,782.txt
21101312_20.png,21101312_20.txt
23241084_48.jpg,23241084_48.txt
20301266_19.jpg,20301266_19.txt
2719.png,2719.txt
2902.png,2902.txt
2323.png,2323.txt
1619.png,1619.txt
20301114_14.jpg,20301114_14.txt
21141009_13.jpg,21141009_13.txt
20301003_26.png,20301003_26.txt
795.png,795.txt
3045.png,3045.txt
20301294_08.jpg,20301294_08.txt
24141199_56.png,24141199_56.txt
21301138_11.jpeg,21301138_11.txt
20201115_17.png,20201115_17.txt
20301003_21.png,20301003_21.txt
76.png,76.txt
20121066_06.jpg,20121066_06.txt
2117.png,2117.txt
20101285_68.jpg,20101285_68.txt
21101135_51.png,21101135_51.txt
2487.png,2487.txt
20121011_07.jpg,20121011_07.txt
391.png,391.txt
2640.png,2640.txt
3010.png,3010.txt
2964.png,2964.txt
3011.png,3011.txt
ID_30.jpg,ID_30.txt
24.png,24.txt
24141198_04.jpg,24141198_04.txt
21201175_16.png,21201175_16.txt
21101282_19.jpg,21101282_19.txt
492.png,492.txt
20201023_28.jpg,20201023_28.txt
21101243_33.jpg,21101243_33.txt
20201020_52.jpg,20201020_52.txt
21301589_09.png,21301589_09.txt
20321023_11.jpg,20321023_11.txt
2925.png,2925.txt
799.png,799.txt
19101192_01.jpg,19101192_01.txt
2030.png,2030.txt
2625.png,2625.txt
20301003_07.png,20301003_07.txt
2870.png,2870.txt
21101127_12.png,21101127_12.txt
458.png,458.txt
1468.png,1468.txt
20301090_08.png,20301090_08.txt
20301090_22.png,20301090_22.txt
1901.png,1901.txt
20101498_05.png,20101498_05.txt
21101312_59.jpg,21101312_59.txt
2352.png,2352.txt
24141199_44.png,24141199_44.txt
17.png,17.txt
21201775_12.png,21201775_12.txt
1593.png,1593.txt
2877.png,2877.txt
3063.png,3063.txt
21101312_17.png,21101312_17.txt
19101192_8.jpg,19101192_8.txt
21101135_65.png,21101135_65.txt
21301589_14.png,21301589_14.txt
20101285_56.jpg,20101285_56.txt
770.png,770.txt
2113.png,2113.txt
20301228_22.JPG,20301228_22.txt
21101243_17.jpg,21101243_17.txt
2066.png,2066.txt
20301159_22.jpg,20301159_22.txt
489.png,489.txt
2073.png,2073.txt
21141009_33.jpg,21141009_33.txt
21101282_33.jpg,21101282_33.txt
23241113_06.jpg,23241113_06.txt
575.png,575.txt
21301138_09.jpeg,21301138_09.txt
20301228_70.png,20301228_70.txt
2725.png,2725.txt
3099.png,3099.txt
20101498_28.jpg,20101498_28.txt
3049.png,3049.txt
20201210_32.jpg,20201210_32.txt
485.png,485.txt
2236.png,2236.txt
21301138_23.jpeg,21301138_23.txt
1584.png,1584.txt
2363.png,2363.txt
20301228_40.png,20301228_40.txt
542.png,542.txt
21301326_2309.png,21301326_2309.txt
824.png,824.txt
1488.png,1488.txt
20121011_14.jpg,20121011_14.txt
20201210_27.jpg,20201210_27.txt
24141199_25.png,24141199_25.txt
340.png,340.txt
1814.png,1814.txt
21141009_02.jpg,21141009_02.txt
1449.png,1449.txt
21301138_03.jpeg,21301138_03.txt
20121026_29.jpg,20121026_29.txt
2954.png,2954.txt
24141198_09.jpg,24141198_09.txt
971.png,971.txt
2743.png,2743.txt
21141009_29.jpg,21141009_29.txt
20101498_22.jpg,20101498_22.txt
2141.png,2141.txt
20301343_10.jpg,20301343_10.txt
20121044_24.jpg,20121044_24.txt
20301294_24.jpg,20301294_24.txt
20301403_04.jpg,20301403_04.txt
789.png,789.txt
ID_19.jpg,ID_19.txt
2116.png,2116.txt
19121070_17.jpg,19121070_17.txt
2321.png,2321.txt
2697.png,2697.txt
21101127_04.png,21101127_04.txt
2484.png,2484.txt
20321023_25.jpg,20321023_25.txt
1037.png,1037.txt
24141198_12.jpg,24141198_12.txt
22101861_12.jpg,22101861_12.txt
1510.png,1510.txt
21301116_10.jpg,21301116_10.txt
3047.png,3047.txt
20301403_10.jpg,20301403_10.txt
20301266_09.jpg,20301266_09.txt
532.png,532.txt
551.png,551.txt
1457.png,1457.txt
20301003_09.png,20301003_09.txt
20121051_14.png,20121051_14.txt
22101857_28.png,22101857_28.txt
2730.png,2730.txt
2937.png,2937.txt
20201020_53.jpg,20201020_53.txt
2881.png,2881.txt
1475.png,1475.txt
646.png,646.txt
20301228_21.JPG,20301228_21.txt
369.png,369.txt
20201020_68.png,20201020_68.txt
20301403_09.jpg,20301403_09.txt
21301116_22.jpg,21301116_22.txt
586.png,586.txt
21301116_25.jpg,21301116_25.txt
21301019_26.jpg,21301019_26.txt
1473.png,1473.txt
2639.png,2639.txt
20121066_10.jpg,20121066_10.txt
2015.png,2015.txt
1973.png,1973.txt
20301403_25.jpg,20301403_25.txt
21201175_02.png,21201175_02.txt
19121070_11.jpg,19121070_11.txt
2934.png,2934.txt
21141009_17.jpg,21141009_17.txt
399.png,399.txt
2905.png,2905.txt
4414.png,4414.txt
270.png,270.txt
1620.png,1620.txt
23241108_09.jpg,23241108_09.txt
2559.png,2559.txt
24141199_65.png,24141199_65.txt
23241113_27.jpg,23241113_27.txt
452.png,452.txt
2941.png,2941.txt
21301326_07.jpg,21301326_07.txt
20301159_03.jpg,20301159_03.txt
2753.png,2753.txt
23241113_34.jpg,23241113_34.txt
23341101_06.jpg,23341101_06.txt
2911.png,2911.txt
2502.png,2502.txt
20201115_11.png,20201115_11.txt
1832.png,1832.txt
21101282_27.jpg,21101282_27.txt
23241084_1.jpg,23241084_1.txt
530.png,530.txt
746.png,746.txt
2630.png,2630.txt
20301414_51.jpg,20301414_51.txt
20201115_30.png,20201115_30.txt
20301131_1.jpg,20301131_1.txt
21141009_14.jpg,21141009_14.txt
24141198_01.jpg,24141198_01.txt
1026.png,1026.txt
46.png,46.txt
2886.png,2886.txt
2752.png,2752.txt
20301228_24.JPG,20301228_24.txt
2002.png,2002.txt
21101282_22.jpg,21101282_22.txt
1563.png,1563.txt
1803.png,1803.txt
1601.png,1601.txt
2123.png,2123.txt
19121070_31.jpg,19121070_31.txt
1639.png,1639.txt
20201086_09.png,20201086_09.txt
1036.png,1036.txt
21301326_2317.png,21301326_2317.txt
43.png,43.txt
20201086_11.png,20201086_11.txt
2138.png,2138.txt
66.png,66.txt
3078.png,3078.txt
2235.png,2235.txt
599.png,599.txt
21101243_14.jpg,21101243_14.txt
5.png,5.txt
24141199_45.png,24141199_45.txt
255.png,255.txt
2963.png,2963.txt
23341101_13.jpg,23341101_13.txt
2189.png,2189.txt
20121051_01.png,20121051_01.txt
264.png,264.txt
20101285_21.png,20101285_21.txt
3009.png,3009.txt
2504.png,2504.txt
21141009_22.jpg,21141009_22.txt
20101285_53.jpg,20101285_53.txt
23241084_36.jpg,23241084_36.txt
23241084_67.png,23241084_67.txt
20121044_27.jpg,20121044_27.txt
2053.png,2053.txt
47.png,47.txt
21101312_6.png,21101312_6.txt
23241084_68.png,23241084_68.txt
24141199_27.png,24141199_27.txt
20321023_04.jpg,20321023_04.txt
20301228_65.png,20301228_65.txt
20301114_18.jpg,20301114_18.txt
1012.png,1012.txt
513.png,513.txt
2044.png,2044.txt
20101285_54.jpg,20101285_54.txt
974.png,974.txt
20101285_48.jpg,20101285_48.txt
21301589_18.png,21301589_18.txt
21101282_18.jpg,21101282_18.txt
784.png,784.txt
21141009_23.jpg,21141009_23.txt
2218.png,2218.txt
21301116_11.jpg,21301116_11.txt
810.png,810.txt
21201175_12.png,21201175_12.txt
1590.png,1590.txt
817.png,817.txt
507.png,507.txt
2755.png,2755.txt
20201210_02.jpg,20201210_02.txt
20301003_16.png,20301003_16.txt
992.png,992.txt
20201148_10.png,20201148_10.txt
749.png,749.txt
1908.png,1908.txt
445.png,445.txt
2610.png,2610.txt
808.png,808.txt
20301159_16.jpg,20301159_16.txt
835.png,835.txt
21141009_11.jpg,21141009_11.txt
20301131_30.jpg,20301131_30.txt
2538.png,2538.txt
651.png,651.txt
19121070_32.jpg,19121070_32.txt
21301027_24.jpg,21301027_24.txt
24141198_06.jpg,24141198_06.txt
21101312_60.jpg,21101312_60.txt
21201775_28.png,21201775_28.txt
1882.png,1882.txt
2923.png,2923.txt
263.png,263.txt
3112.png,3112.txt
21201175_30.png,21201175_30.txt
21101312_7.png,21101312_7.txt
20121051_25.png,20121051_25.txt
20301343_30.jpg,20301343_30.txt
21301138_17.jpeg,21301138_17.txt
20201210_26.jpg,20201210_26.txt
20301403_14.jpg,20301403_14.txt
20101498_04.png,20101498_04.txt
20101285_16.png,20101285_16.txt
20301159_12.jpg,20301159_12.txt
2109.png,2109.txt
20301228_29.JPG,20301228_29.txt
21301138_02.jpeg,21301138_02.txt
825.png,825.txt
2642.png,2642.txt
379.png,379.txt
2021.png,2021.txt
767.png,767.txt
24141198_29.jpg,24141198_29.txt
2020.png,2020.txt
21201175_07.png,21201175_07.txt
1030.png,1030.txt
20301159_21.jpg,20301159_21.txt
1637.png,1637.txt
20301414_33.png,20301414_33.txt
2444.png,2444.txt
20301403_21.jpg,20301403_21.txt
20201115_09.png,20201115_09.txt
20201023_14.jpg,20201023_14.txt
20201086_01.png,20201086_01.txt
771.png,771.txt
24141199_24.png,24141199_24.txt
20101285_29.png,20101285_29.txt
2525.png,2525.txt
2671.png,2671.txt
21201175_04.png,21201175_04.txt
576.png,576.txt
23241084_52.jpg,23241084_52.txt
966.png,966.txt
23241108_26.jpg,23241108_26.txt
24141199_41.png,24141199_41.txt
3004.png,3004.txt
2155.png,2155.txt
497.png,497.txt
2082.png,2082.txt
2620.png,2620.txt
2637.png,2637.txt
1897.png,1897.txt
20301414_11.png,20301414_11.txt
21101312_57.jpg,21101312_57.txt
20301266_11.jpg,20301266_11.txt
1020.png,1020.txt
21301116_30.jpg,21301116_30.txt
20201210_05.jpg,20201210_05.txt
2895.png,2895.txt
20201115_19.png,20201115_19.txt
7.png,7.txt
2333.png,2333.txt
23241084_17.jpg,23241084_17.txt
2479.png,2479.txt
21301019_20.jpg,21301019_20.txt
21101127_03.png,21101127_03.txt
250.png,250.txt
19121070_35.jpg,19121070_35.txt
2550.png,2550.txt
20301368_04.jpeg,20301368_04.txt
22141027_12.png,22141027_12.txt
20201020_46.jpg,20201020_46.txt
2930.png,2930.txt
20301003_06.png,20301003_06.txt
1891.png,1891.txt
3050.png,3050.txt
245.png,245.txt
21301116_14.jpg,21301116_14.txt
20301368_10.jpeg,20301368_10.txt
801.png,801.txt
20301090_18.png,20301090_18.txt
1443.png,1443.txt
454.png,454.txt
21141009_30.jpg,21141009_30.txt
20301228_06.JPG,20301228_06.txt
1446.png,1446.txt
543.png,543.txt
23241084_12.png,23241084_12.txt
4420.png,4420.txt
20201023_26.jpg,20201023_26.txt
1028.png,1028.txt
20201148_20.png,20201148_20.txt
20201115_23.png,20201115_23.txt
390.png,390.txt
1810.png,1810.txt
20301414_58.jpg,20301414_58.txt
18101381_22.jpeg,18101381_22.txt
2184.png,2184.txt
2530.png,2530.txt
20301294_12.jpg,20301294_12.txt
1836.png,1836.txt
20301368_16.jpg,20301368_16.txt
21101312_58.jpg,21101312_58.txt
677.png,677.txt
1830.png,1830.txt
22101861_11.jpg,22101861_11.txt
23241108_02.jpg,23241108_02.txt
20121066_21.jpg,20121066_21.txt
1806.png,1806.txt
21101312_36.png,21101312_36.txt
19101192_10.jpg,19101192_10.txt
20301228_17.JPG,20301228_17.txt
21101243_08.jpg,21101243_08.txt
79.png,79.txt
21301116_09.jpg,21301116_09.txt
20201020_59.jpg,20201020_59.txt
21101135_38.png,21101135_38.txt
20201210_37.jpg,20201210_37.txt
1995.png,1995.txt
20121044_25.jpg,20121044_25.txt
21101312_31.png,21101312_31.txt
21101312_40.png,21101312_40.txt
3062.png,3062.txt
2341.png,2341.txt
20121051_20.png,20121051_20.txt
1471.png,1471.txt
49.png,49.txt
509.png,509.txt
20121066_04.jpg,20121066_04.txt
20121066_24.jpg,20121066_24.txt
20121044_26.jpg,20121044_26.txt
23341101_08.jpg,23341101_08.txt
20201115_08.png,20201115_08.txt
20121026_08.jpg,20121026_08.txt
20301294_04.jpg,20301294_04.txt
23341101_18.jpg,23341101_18.txt
20121011_27.jpg,20121011_27.txt
24141198_11.jpg,24141198_11.txt
2497.png,2497.txt
573.png,573.txt
2973.png,2973.txt
1964.png,1964.txt
20121011_24.jpg,20121011_24.txt
1829.png,1829.txt
21301326_2305.png,21301326_2305.txt
20301003_05.png,20301003_05.txt
1888.png,1888.txt
347.png,347.txt
22101861_01.jpg,22101861_01.txt
387.png,387.txt
20121051_28.png,20121051_28.txt
21101127_24.png,21101127_24.txt
1996.png,1996.txt
2176.png,2176.txt
1516.png,1516.txt
486.png,486.txt
20301343_07.jpg,20301343_07.txt
24141198_25.jpg,24141198_25.txt
763.png,763.txt
20201148_27.png,20201148_27.txt
1464.png,1464.txt
22101857_12.png,22101857_12.txt
21301138_25.jpeg,21301138_25.txt
2519.png,2519.txt
362.png,362.txt
4435.png,4435.txt
20101285_51.jpg,20101285_51.txt
20201148_34.png,20201148_34.txt
23241084_22.jpg,23241084_22.txt
2701.png,2701.txt
21301138_22.jpeg,21301138_22.txt
2913.png,2913.txt
20321023_12.jpg,20321023_12.txt
20301414_48.jpg,20301414_48.txt
20101285_23.png,20101285_23.txt
20101285_34.png,20101285_34.txt
2518.png,2518.txt
826.png,826.txt
539.png,539.txt
1007.png,1007.txt
2495.png,2495.txt
3069.png,3069.txt
20321023_18.jpg,20321023_18.txt
333.png,333.txt
21101127_14.png,21101127_14.txt
24141198_24.jpg,24141198_24.txt
1513.png,1513.txt
20301266_26.jpeg,20301266_26.txt
773.png,773.txt
19121070_23.jpg,19121070_23.txt
20201115_04.png,20201115_04.txt
24141199_51.png,24141199_51.txt
20301003_18.png,20301003_18.txt
21101135_27.JPG,21101135_27.txt
2644.png,2644.txt
24141199_29.png,24141199_29.txt
570.png,570.txt
20301228_58.png,20301228_58.txt
21101312_56.jpg,21101312_56.txt
21301027_06.jpg,21301027_06.txt
4413.png,4413.txt
2522.png,2522.txt
473.png,473.txt
21101312_14.png,21101312_14.txt
511.png,511.txt
20301414_50.jpg,20301414_50.txt
2556.png,2556.txt
20101285_38.png,20101285_38.txt
2327.png,2327.txt
2036.png,2036.txt
22141027_24.png,22141027_24.txt
1894.png,1894.txt
2919.png,2919.txt
21301326_2310.png,21301326_2310.txt
20101285_19.png,20101285_19.txt
1978.png,1978.txt
21201775_18.png,21201775_18.txt
74.png,74.txt
21301116_18.jpg,21301116_18.txt
3067.png,3067.txt
24141199_34.png,24141199_34.txt
1975.png,1975.txt
2344.png,2344.txt
1985.png,1985.txt
20201023_5.jpg,20201023_5.txt
20321023_08.jpg,20321023_08.txt
20301114_29.jpg,20301114_29.txt
21301326_2291.png,21301326_2291.txt
2476.png,2476.txt
20301266_04.jpg,20301266_04.txt
20101498_10.png,20101498_10.txt
21101312_32.png,21101312_32.txt
21101312_39.png,21101312_39.txt
1993.png,1993.txt
21301589_28.png,21301589_28.txt
21101282_29.jpg,21101282_29.txt
20101285_25.png,20101285_25.txt
2646.png,2646.txt
2985.png,2985.txt
740.png,740.txt
2977.png,2977.txt
21101135_17.JPG,21101135_17.txt
2662.png,2662.txt
2090.png,2090.txt
21301326_22.jpg,21301326_22.txt
1998.png,1998.txt
20101285_32.png,20101285_32.txt
2330.png,2330.txt
3051.png,3051.txt
2381.png,2381.txt
2528.png,2528.txt
1492.png,1492.txt
757.png,757.txt
20301343_02.jpg,20301343_02.txt
20201148_21.png,20201148_21.txt
21101282_26.jpg,21101282_26.txt
2158.png,2158.txt
648.png,648.txt
21301027_01.jpg,21301027_01.txt
565.png,565.txt
20201115_12.png,20201115_12.txt
20301343_28.jpg,20301343_28.txt
21101135_40.png,21101135_40.txt
20101285_37.png,20101285_37.txt
20201148_17.png,20201148_17.txt
2483.png,2483.txt
2336.png,2336.txt
2690.png,2690.txt
2203.png,2203.txt
22101857_22.png,22101857_22.txt
20101285_18.png,20101285_18.txt
788.png,788.txt
20301114_16.jpg,20301114_16.txt
24141199_63.png,24141199_63.txt
21101282_08.jpg,21101282_08.txt
21201775_20.png,21201775_20.txt
20301403_24.jpg,20301403_24.txt
19121070_02.jpg,19121070_02.txt
2652.png,2652.txt
1965.png,1965.txt
727.png,727.txt
20301266_02.jpg,20301266_02.txt
21101135_50.png,21101135_50.txt
20121026_25.jpg,20121026_25.txt
21101312_8.png,21101312_8.txt
20301003_11.png,20301003_11.txt
2624.png,2624.txt
467.png,467.txt
2024.png,2024.txt
20201086_08.png,20201086_08.txt
2980.png,2980.txt
455.png,455.txt
1483.png,1483.txt
2134.png,2134.txt
21301326_34.jpg,21301326_34.txt
2667.png,2667.txt
2011.png,2011.txt
500.png,500.txt
2043.png,2043.txt
21101243_18.jpg,21101243_18.txt
23241108_28.jpg,23241108_28.txt
23241108_22.jpg,23241108_22.txt
24141199_07.png,24141199_07.txt
2953.png,2953.txt
2340.png,2340.txt
21101135_32.png,21101135_32.txt
19101192_12.jpg,19101192_12.txt
20101285_57.jpg,20101285_57.txt
20201210_16.jpg,20201210_16.txt
1499.png,1499.txt
20301414_61.jpg,20301414_61.txt
20101285_60.jpg,20101285_60.txt
20301090_29.png,20301090_29.txt
343.png,343.txt
23241108_04.jpg,23241108_04.txt
20201115_21.png,20201115_21.txt
20301414_26.png,20301414_26.txt
385.png,385.txt
21101282_07.jpg,21101282_07.txt
998.png,998.txt
21301326_23.jpg,21301326_23.txt
20301228_34.png,20301228_34.txt
2322.png,2322.txt
2161.png,2161.txt
21141009_01.jpg,21141009_01.txt
23241108_10.jpg,23241108_10.txt
2661.png,2661.txt
1000.png,1000.txt
20301414_47.jpg,20301414_47.txt
2853.png,2853.txt
23241108_11.jpg,23241108_11.txt
24141199_46.png,24141199_46.txt
20301159_26.jpg,20301159_26.txt
20301228_50.png,20301228_50.txt
2372.png,2372.txt
1615.png,1615.txt
21101243_02.jpg,21101243_02.txt
2539.png,2539.txt
20301294_22.jpg,20301294_22.txt
2898.png,2898.txt
337.png,337.txt
20101285_36.png,20101285_36.txt
2387.png,2387.txt
1813.png,1813.txt
20301114_28.jpg,20301114_28.txt
2170.png,2170.txt
20301414_28.png,20301414_28.txt
2169.png,2169.txt
20201210_23.jpg,20201210_23.txt
21301019_16.jpg,21301019_16.txt
20301159_05.jpg,20301159_05.txt
11.png,11.txt
20101285_17.png,20101285_17.txt
1470.png,1470.txt
20301294_13.jpg,20301294_13.txt
2916.png,2916.txt
21301326_2299.png,21301326_2299.txt
20321023_19.jpg,20321023_19.txt
24141199_57.png,24141199_57.txt
21201175_18.png,21201175_18.txt
2146.png,2146.txt
2503.png,2503.txt
675.png,675.txt
23241084_57.png,23241084_57.txt
20301414_68.jpg,20301414_68.txt
20201115_27.png,20201115_27.txt
21301019_14.jpg,21301019_14.txt
2394.png,2394.txt
4410.png,4410.txt
794.png,794.txt
2121.png,2121.txt
23341101_21.jpg,23341101_21.txt
2112.png,2112.txt
23241113_01.jpg,23241113_01.txt
20201086_17.png,20201086_17.txt
365.png,365.txt
1907.png,1907.txt
21201775_15.png,21201775_15.txt
3018.png,3018.txt
20301266_24.jpeg,20301266_24.txt
20301228_38.png,20301228_38.txt
2560.png,2560.txt
2535.png,2535.txt
2140.png,2140.txt
1896.png,1896.txt
36.png,36.txt
20301159_11.jpg,20301159_11.txt
20301414_38.png,20301414_38.txt
20201210_25.jpg,20201210_25.txt
2927.png,2927.txt
20301159_24.jpg,20301159_24.txt
22141027_02.png,22141027_02.txt
18101381_26.jpeg,18101381_26.txt
4407.png,4407.txt
2618.png,2618.txt
811.png,811.txt
4412.png,4412.txt
71.png,71.txt
20301414_05.png,20301414_05.txt
3102.png,3102.txt
22101857_30.png,22101857_30.txt
20121066_15.jpg,20121066_15.txt
20301131_29.jpg,20301131_29.txt
22141027_08.png,22141027_08.txt
2947.png,2947.txt
534.png,534.txt
21101135_52.png,21101135_52.txt
2708.png,2708.txt
260.png,260.txt
ID_34.jpg,ID_34.txt
20101498_09.png,20101498_09.txt
595.png,595.txt
2357.png,2357.txt
20301266_15.jpg,20301266_15.txt
2111.png,2111.txt
2004.png,2004.txt
1040.png,1040.txt
1840.png,1840.txt
1460.png,1460.txt
1999.png,1999.txt
279.png,279.txt
22101857_9.png,22101857_9.txt
2674.png,2674.txt
463.png,463.txt
2104.png,2104.txt
22101857_3.png,22101857_3.txt
2232.png,2232.txt
2008.png,2008.txt
20201148_16.png,20201148_16.txt
20301159_09.jpg,20301159_09.txt
2970.png,2970.txt
1972.png,1972.txt
2999.png,2999.txt
21301027_07.jpg,21301027_07.txt
3013.png,3013.txt
48.png,48.txt
21101312_55.jpg,21101312_55.txt
20301114_1.jpg,20301114_1.txt
2396.png,2396.txt
21101135_13.JPG,21101135_13.txt
20301368_23.jpg,20301368_23.txt
2222.png,2222.txt
21301326_24.jpg,21301326_24.txt
21201175_24.png,21201175_24.txt
20301228_62.png,20301228_62.txt
20301159_18.jpg,20301159_18.txt
396.png,396.txt
1.png,1.txt
21101312_2.png,21101312_2.txt
737.png,737.txt
20201210_01.jpg,20201210_01.txt
2601.png,2601.txt
20121066_17.jpg,20121066_17.txt
2958.png,2958.txt
1589.png,1589.txt
21301326_20.jpg,21301326_20.txt
23241108_24.jpg,23241108_24.txt
2441.png,2441.txt
2991.png,2991.txt
2995.png,2995.txt
21301116_29.jpg,21301116_29.txt
20301294_27.jpg,20301294_27.txt
21301589_16.png,21301589_16.txt
2022.png,2022.txt
2936.png,2936.txt
24141198_03.jpg,24141198_03.txt
21101282_05.jpg,21101282_05.txt
ID_40.jpg,ID_40.txt
541.png,541.txt
21101312_61.jpg,21101312_61.txt
21301589_15.png,21301589_15.txt
504.png,504.txt
21301116_12.jpg,21301116_12.txt
20121051_04.png,20121051_04.txt
21201775_27.png,21201775_27.txt
2711.png,2711.txt
10.png,10.txt
23241084_41.png,23241084_41.txt
21301326_2302.png,21301326_2302.txt
21201775_04.png,21201775_04.txt
24141198_15.jpg,24141198_15.txt
2548.png,2548.txt
20301228_13.JPG,20301228_13.txt
20121066_14.jpg,20121066_14.txt
23241084_13.jpg,23241084_13.txt
ID_32.jpg,ID_32.txt
21101135_30.JPG,21101135_30.txt
21301138_29.jpeg,21301138_29.txt
23341101_07.jpg,23341101_07.txt
3091.png,3091.txt
20121011_03.jpg,20121011_03.txt
478.png,478.txt
2398.png,2398.txt
3046.png,3046.txt
21301138_21.jpeg,21301138_21.txt
24141198_13.jpg,24141198_13.txt
1454.png,1454.txt
2894.png,2894.txt
20121026_24.jpg,20121026_24.txt
21301326_2296.png,21301326_2296.txt
20201020_65.jpg,20201020_65.txt
242.png,242.txt
752.png,752.txt
20301403_27.jpg,20301403_27.txt
1502.png,1502.txt
2659.png,2659.txt
20301003_27.png,20301003_27.txt
20201020_62.jpg,20201020_62.txt
21301589_01.png,21301589_01.txt
997.png,997.txt
4402.png,4402.txt
4424.png,4424.txt
21101243_06.jpg,21101243_06.txt
774.png,774.txt
75.png,75.txt
21301019_29.jpg,21301019_29.txt
20301266_05.jpg,20301266_05.txt
20101285_69.jpg,20101285_69.txt
23241113_07.jpg,23241113_07.txt
2014.png,2014.txt
20101285_62.jpg,20101285_62.txt
20301114_15.jpg,20301114_15.txt
21101135_05.JPG,21101135_05.txt
2023.png,2023.txt
1983.png,1983.txt
20121026_14.jpg,20121026_14.txt
2758.png,2758.txt
20121051_30.png,20121051_30.txt
23241113_18.jpg,23241113_18.txt
21101135_29.JPG,21101135_29.txt
655.png,655.txt
1447.png,1447.txt
2382.png,2382.txt
571.png,571.txt
20301266_01.jpg,20301266_01.txt
21101135_35.png,21101135_35.txt
20301131_24.jpg,20301131_24.txt
21141009_10.jpg,21141009_10.txt
20301090_04.png,20301090_04.txt
20201210_11.jpg,20201210_11.txt
20121011_20.jpg,20121011_20.txt
3023.png,3023.txt
21101312_51.jpg,21101312_51.txt
23241084_3.jpg,23241084_3.txt
21301027_02.jpg,21301027_02.txt
2452.png,2452.txt
20101285_45.jpg,20101285_45.txt
540.png,540.txt
20301368_24.jpg,20301368_24.txt
1886.png,1886.txt
2001.png,2001.txt
23241084_49.png,23241084_49.txt
20201115_05.png,20201115_05.txt
20301090_03.png,20301090_03.txt
65.png,65.txt
2687.png,2687.txt
19.png,19.txt
2085.png,2085.txt
21101312_63.jpg,21101312_63.txt
23241084_11.jpg,23241084_11.txt
2062.png,2062.txt
1002.png,1002.txt
20301294_28.jpg,20301294_28.txt
20301294_02.jpg,20301294_02.txt
20321023_30.jpg,20321023_30.txt
24141199_12.png,24141199_12.txt
330.png,330.txt
21141009_20.jpg,21141009_20.txt
20101498_14.png,20101498_14.txt
980.png,980.txt
742.png,742.txt
62.png,62.txt
21301138_26.jpeg,21301138_26.txt
334.png,334.txt
729.png,729.txt
20201210_38.jpg,20201210_38.txt
20301159_17.jpg,20301159_17.txt
3080.png,3080.txt
21301326_2300.png,21301326_2300.txt
21101243_32.jpg,21101243_32.txt
22141027_04.png,22141027_04.txt
1899.png,1899.txt
2852.png,2852.txt
831.png,831.txt
20301114_17.jpg,20301114_17.txt
2606.png,2606.txt
1604.png,1604.txt
